{
"0": 7.25,
"1": 8.583333333333334,
"2": 5.5,
"3": 4.666666666666667,
"4": 4.75,
"5": 4.833333333333333,
"6": 4.583333333333333,
"7": 5.5,
"8": 8.833333333333334,
"9": 5.416666666666667,
"10": 5.083333333333333,
"11": 2.5833333333333335,
"12": 0.25,
"13": 7.583333333333333,
"14": 0.16666666666666666,
"15": 0.0,
"16": 0.0,
"17": 0.16666666666666666,
"18": 0.16666666666666666,
"19": 0.25,
"20": 0.08333333333333333,
"21": 0.0,
"22": 5.083333333333333,
"23": 4.083333333333333,
"24": 12.333333333333334,
"25": 10.916666666666666,
"26": 6.25,
"27": 0.3333333333333333,
"28": 0.25,
"29": 0.4166666666666667,
"30": 0.3333333333333333,
"31": 0.4166666666666667,
"32": 8.416666666666666,
"33": 9.916666666666666,
"34": 9.666666666666666,
"35": 9.0,
"36": 9.666666666666666,
"37": 4.75,
"38": 11.833333333333334,
"39": 8.833333333333334,
"40": 7.75,
"41": 9.333333333333334,
"42": 16.666666666666668,
"43": 18.666666666666668,
"44": 23.333333333333332,
"45": 0.16666666666666666,
"46": 0.25,
"47": 0.08333333333333333,
"48": 26.166666666666668,
"49": 12.083333333333334,
"50": 0.16666666666666666,
"51": 11.083333333333334,
"52": 12.0,
"53": 9.083333333333334,
"54": 9.416666666666666,
"55": 1.25,
"56": 3.0833333333333335,
"57": 3.0,
"58": 3.4166666666666665,
"59": 2.1666666666666665,
"60": 2.4166666666666665,
"61": 1.6666666666666667,
"62": 11.916666666666666,
"63": 3.4166666666666665,
"64": 3.6666666666666665,
"65": 5.916666666666667,
"66": 2.9166666666666665,
"67": 2.1666666666666665,
"68": 2.1666666666666665,
"69": 0.6666666666666666,
"70": 8.75,
"71": 11.416666666666666,
"72": 1.4166666666666667,
"73": 0.8333333333333334,
"74": 3.6666666666666665,
"75": 23.583333333333332,
"76": 6.666666666666667,
"77": 7.916666666666667,
"78": 22.583333333333332,
"79": 14.166666666666666,
"80": 18.916666666666668,
"81": 5.166666666666667,
"82": 5.25,
"83": 12.916666666666666,
"84": 16.666666666666668,
"85": 2.4166666666666665,
"86": 6.916666666666667,
"87": 23.75,
"88": 32.333333333333336,
"89": 24.916666666666668,
"90": 4.5,
"91": 1.5833333333333333,
"92": 18.083333333333332,
"93": 1.5833333333333333,
"94": 1.5,
"95": 2.5833333333333335,
"96": 9.083333333333334,
"97": 3.5833333333333335,
"98": 12.166666666666666,
"99": 9.333333333333334,
"100": 15.166666666666666,
"101": 1.6666666666666667,
"102": 7.833333333333333,
"103": 6.75,
"104": 5.5,
"105": 2.6666666666666665,
"106": 10.583333333333334,
"107": 6.75,
"108": 5.666666666666667,
"109": 11.333333333333334,
"110": 25.666666666666668,
"111": 18.083333333333332,
"112": 7.583333333333333,
"113": 5.25,
"114": 3.5833333333333335,
"115": 8.166666666666666,
"116": 4.833333333333333,
"117": 18.5,
"118": 7.333333333333333,
"119": 7.666666666666667,
"120": 5.916666666666667,
"121": 3.75,
"122": 5.666666666666667,
"123": 5.5,
"124": 7.833333333333333,
"125": 14.75,
"126": 3.25,
"127": 15.916666666666666,
"128": 12.416666666666666,
"129": 10.166666666666666,
"130": 4.5,
"131": 2.0833333333333335,
"132": 1.6666666666666667,
"133": 16.75,
"134": 6.833333333333333,
"135": 12.083333333333334,
"136": 10.083333333333334,
"137": 14.416666666666666,
"138": 11.583333333333334,
"139": 24.416666666666668,
"140": 20.0,
"141": 24.333333333333332,
"142": 13.416666666666666,
"143": 16.916666666666668,
"144": 17.083333333333332,
"145": 18.166666666666668,
"146": 10.75,
"147": 7.5,
"148": 12.333333333333334,
"149": 13.416666666666666,
"150": 8.916666666666666,
"151": 6.916666666666667,
"152": 16.0,
"153": 19.083333333333332,
"154": 18.416666666666668,
"155": 8.916666666666666,
"156": 19.166666666666668,
"157": 8.25,
"158": 9.166666666666666,
"159": 7.083333333333333,
"160": 5.333333333333333,
"161": 20.333333333333332,
"162": 6.25,
"163": 5.416666666666667,
"164": 3.75,
"165": 15.416666666666666,
"166": 8.916666666666666,
"167": 17.083333333333332,
"168": 14.166666666666666,
"169": 18.916666666666668,
"170": 19.0,
"171": 19.666666666666668,
"172": 11.166666666666666,
"173": 10.916666666666666,
"174": 9.166666666666666,
"175": 8.5,
"176": 15.0,
"177": 17.166666666666668,
"178": 17.166666666666668,
"179": 13.0,
"180": 7.916666666666667,
"181": 24.083333333333332,
"182": 38.083333333333336,
"183": 30.75,
"184": 35.083333333333336,
"185": 38.583333333333336,
"186": 27.0,
"187": 45.0,
"188": 9.416666666666666,
"189": 10.5,
"190": 11.5,
"191": 12.333333333333334,
"192": 27.0,
"193": 14.25,
"194": 12.416666666666666,
"195": 18.25,
"196": 14.416666666666666,
"197": 12.083333333333334,
"198": 10.416666666666666,
"199": 14.333333333333334,
"200": 10.416666666666666,
"201": 15.166666666666666,
"202": 17.166666666666668,
"203": 19.416666666666668,
"204": 21.083333333333332,
"205": 23.166666666666668,
"206": 22.833333333333332,
"207": 18.333333333333332,
"208": 16.666666666666668,
"209": 18.5,
"210": 13.416666666666666,
"211": 11.833333333333334,
"212": 28.5,
"213": 29.333333333333332,
"214": 25.0,
"215": 28.583333333333332,
"216": 28.0,
"217": 14.5,
"218": 11.416666666666666,
"219": 12.416666666666666,
"220": 10.75,
"221": 14.5,
"222": 21.5,
"223": 21.0,
"224": 8.5,
"225": 4.833333333333333,
"226": 4.916666666666667,
"227": 4.583333333333333,
"228": 6.5,
"229": 5.25,
"230": 14.25,
"231": 12.75,
"232": 12.083333333333334,
"233": 13.916666666666666,
"234": 8.75,
"235": 10.916666666666666,
"236": 12.666666666666666,
"237": 15.416666666666666,
"238": 9.166666666666666,
"239": 6.916666666666667,
"240": 2.75,
"241": 1.9166666666666667,
"242": 1.9166666666666667,
"243": 25.916666666666668,
"244": 10.333333333333334,
"245": 23.833333333333332,
"246": 9.083333333333334,
"247": 30.666666666666668,
"248": 28.833333333333332,
"249": 32.666666666666664,
"250": 21.5,
"251": 11.083333333333334,
"252": 40.333333333333336,
"253": 27.916666666666668,
"254": 34.25,
"255": 15.083333333333334,
"256": 25.416666666666668,
"257": 17.5,
"258": 16.583333333333332,
"259": 16.25,
"260": 4.833333333333333,
"261": 4.333333333333333,
"262": 6.916666666666667,
"263": 22.0,
"264": 20.916666666666668,
"265": 17.333333333333332,
"266": 17.5,
"267": 23.333333333333332,
"268": 7.416666666666667,
"269": 1.5,
"270": 7.666666666666667,
"271": 5.916666666666667,
"272": 7.0,
"273": 7.166666666666667,
"274": 7.25,
"275": 14.083333333333334,
"276": 51.5,
"277": 6.833333333333333,
"278": 5.666666666666667,
"279": 7.5,
"280": 8.583333333333334,
"281": 13.416666666666666,
"282": 31.916666666666668,
"283": 3.1666666666666665,
"284": 7.916666666666667,
"285": 22.75,
"286": 5.75,
"287": 5.25,
"288": 8.333333333333334,
"289": 7.5,
"290": 15.083333333333334,
"291": 19.416666666666668,
"292": 17.416666666666668,
"293": 18.083333333333332,
"294": 18.5,
"295": 21.916666666666668,
"296": 23.5,
"297": 26.333333333333332
}